{
	"$schema": "http://schema.management.azure.com/schemas/2015-01-01/deploymentParameters.json#",
	"contentVersion": "1.0.0.0",
	"parameters": {
		"_artifactsLocation": {
			"value": "https://raw.githubusercontent.com/Microsoft/openshift-origin/master"
		},
		"masterVmSize": {
			"value": "Standard_D4s_v3"
		},
		"infraVmSize": {
			"value": "Standard_D4s_v3"
		},
		"nodeVmSize": {
			"value": "Standard_D4s_v3"
		},
		"storageKind": {
			"value": "managed"
		},
		"openshiftClusterPrefix": {
			"value": "changeme"
		},
		"masterInstanceCount": {
			"value": 3
		},
		"infraInstanceCount": {
			"value": 3
		},
		"nodeInstanceCount": {
			"value": 3
		},
		"dataDiskSize": {
			"value": 128
		},
		"adminUsername": {
			"value": "changeme"
		},
		"openshiftPassword": {
			"value": "changeme"
		},
		"enableMetrics": {
			"value": "false"
		},
		"enableLogging": {
			"value": "false"
		},
		"sshPublicKey": {
			"value": "changeme"
		},
		"keyVaultResourceGroup": {
			"value": "changeme"
		},
		"keyVaultName": {
			"value": "changeme"
		},
		"keyVaultSecret": {
			"value": "changeme"
		},
		"enableAzure": {
			"value": "true"
		},
		"aadClientId": {
			"value": "changeme"
		},
		"aadClientSecret": {
			"value": "changeme"
		},
		"defaultSubDomainType": {
			"value": "nipio"
		},
		"defaultSubDomain": {
			"value": "changeme"
		}
	}
}
